City_ID,City,Country,Lat,Lng,Max Temp,Humidity,Cloudiness,Wind Speed,Current Description
0,Puerto Ayora,EC,-0.7393,-90.3518,80.56,84,59,9.19,broken clouds
1,Jalu,LY,29.0331,21.5482,79.14,49,54,14.99,broken clouds
2,Tuktoyaktuk,CA,69.4541,-133.0374,32.0,74,40,9.22,scattered clouds
3,Hilo,US,19.7297,-155.09,77.79,91,90,0.0,moderate rain
4,Ushuaia,AR,-54.8,-68.3,46.02,49,75,14.97,broken clouds
5,Bundaberg,AU,-24.85,152.35,64.22,93,100,4.0,overcast clouds
6,Kudahuvadhoo,MV,2.6708,72.8944,82.18,70,78,6.69,broken clouds
7,Ponta Do Sol,PT,32.6667,-17.1,73.71,74,5,9.13,clear sky
8,Mar Del Plata,AR,-38.0023,-57.5575,59.02,31,75,11.99,broken clouds
9,Tumpat,MY,6.1978,102.171,77.02,88,20,3.44,few clouds
10,Sisimiut,GL,66.9395,-53.6735,35.11,74,100,4.85,overcast clouds
11,Hervey Bay,AU,-25.2986,152.8535,64.04,79,100,4.81,moderate rain
12,Vostok,RU,46.4856,135.8833,42.58,84,87,1.72,overcast clouds
13,Faanui,PF,-16.4833,-151.75,79.21,72,1,17.74,clear sky
14,Georgetown,MY,5.4112,100.3354,82.33,91,40,5.99,scattered clouds
15,East London,ZA,-33.0153,27.9116,64.56,91,71,8.14,broken clouds
16,Torbay,CA,47.6666,-52.7314,63.75,99,90,4.61,fog
17,Port Elizabeth,ZA,-33.918,25.5701,63.1,100,90,12.66,light rain
18,Noo,EE,58.2756,26.5375,44.64,78,90,6.91,overcast clouds
19,Chokurdakh,RU,70.6333,147.9167,13.96,92,78,9.24,broken clouds
20,Puri,IN,19.8,85.85,81.12,80,73,8.48,broken clouds
21,Bluff,NZ,-46.6,168.3333,49.8,81,64,19.98,broken clouds
22,Punta Arenas,CL,-53.15,-70.9167,46.51,42,0,26.46,clear sky
23,Twistringen,DE,52.8,8.65,55.62,61,100,12.12,overcast clouds
24,Okhotsk,RU,59.3833,143.3,34.0,96,100,21.14,moderate rain
25,Alice Springs,AU,-23.7,133.8833,58.55,29,0,5.75,clear sky
26,Klaksvik,FO,62.2266,-6.589,52.72,96,100,26.96,overcast clouds
27,Vaini,TO,-21.2,-175.2,69.96,94,75,5.75,broken clouds
28,Kjopsvik,NO,68.097,16.3742,47.05,75,100,7.54,overcast clouds
29,Castro,BR,-24.7911,-50.0119,76.03,51,39,9.86,scattered clouds
30,Hermanus,ZA,-34.4187,19.2345,57.79,85,44,12.48,scattered clouds
31,Geraldton,AU,-28.7667,114.6,63.01,100,75,11.5,moderate rain
32,New Norfolk,AU,-42.7826,147.0587,54.75,74,100,3.22,overcast clouds
33,Norman Wells,CA,65.282,-126.8329,35.64,93,90,2.3,overcast clouds
34,Saint-Philippe,RE,-21.3585,55.7679,71.15,80,46,12.39,scattered clouds
35,Longyearbyen,SJ,78.2186,15.6401,33.64,93,40,2.3,scattered clouds
36,Nikolskoye,RU,59.7035,30.7861,44.49,91,8,4.65,clear sky
37,Grand Gaube,MU,-20.0064,57.6608,72.37,74,4,7.0,clear sky
38,Jamestown,US,42.097,-79.2353,62.02,65,90,3.0,overcast clouds
39,Khatanga,RU,71.9667,102.5,29.53,98,100,7.16,overcast clouds
40,Tiksi,RU,71.6872,128.8694,29.35,76,65,5.84,broken clouds
41,Albany,US,42.6001,-73.9662,59.34,73,97,7.83,overcast clouds
42,Whyalla,AU,-33.0333,137.5833,55.29,82,90,14.97,overcast clouds
43,Pantai Remis,MY,4.4557,100.6288,79.16,88,98,9.06,overcast clouds
44,Atuona,PF,-9.8,-139.0333,78.13,68,8,18.84,clear sky
45,Andenes,NO,69.3143,16.1194,45.46,81,0,6.91,clear sky
46,Glendive,US,47.1053,-104.7125,72.79,25,1,0.0,clear sky
47,Bambous Virieux,MU,-20.3428,57.7575,72.21,78,40,12.66,scattered clouds
48,Kapoeta,SS,4.7717,33.5903,81.68,49,69,2.28,broken clouds
49,Iki-Burul,RU,45.8208,44.6472,39.54,48,0,10.56,clear sky
50,Bengkulu,ID,-3.8004,102.2655,74.8,89,100,3.94,moderate rain
51,Mumford,GH,5.2618,-0.759,77.85,90,94,10.56,overcast clouds
52,Busselton,AU,-33.65,115.3333,60.08,89,27,17.58,scattered clouds
53,Thompson,CA,55.7435,-97.8558,66.36,45,20,9.22,few clouds
54,Porto Novo,BJ,6.4965,2.6036,82.22,85,93,4.0,overcast clouds
55,Nome,US,64.5011,-165.4064,33.87,52,1,14.97,clear sky
56,Abu Zabad,SD,12.35,29.25,82.44,28,6,7.87,clear sky
57,Dhidhdhoo,MV,6.8833,73.1,82.02,77,100,13.33,overcast clouds
58,Waitati,NZ,-45.75,170.5667,46.8,74,6,3.78,clear sky
59,Chanika,TZ,-5.4167,38.0167,67.62,90,98,7.07,overcast clouds
60,Tasiilaq,GL,65.6145,-37.6368,37.56,78,1,8.03,clear sky
61,San Patricio,US,28.017,-97.5169,95.09,60,100,11.52,light rain
62,Cherskiy,RU,68.75,161.3,11.08,98,100,5.44,overcast clouds
63,Mataura,NZ,-46.1927,168.8643,49.48,82,100,3.6,overcast clouds
64,Torrington,US,41.8007,-73.1212,61.48,68,90,4.0,overcast clouds
65,Fundao,BR,-19.9341,-40.4047,74.73,84,75,4.85,broken clouds
66,Esmeraldas,BR,-19.7625,-44.3139,91.51,47,56,7.43,broken clouds
67,Hithadhoo,MV,-0.6,73.0833,81.57,73,79,2.91,broken clouds
68,Rio Gallegos,AR,-51.6226,-69.2181,53.65,15,40,27.63,scattered clouds
69,Elliot Lake,CA,46.3834,-82.6331,59.09,48,7,2.89,clear sky
70,Hobart,AU,-42.8794,147.3294,55.11,95,75,1.01,light intensity shower rain
71,Ternate,ID,0.8,127.4,79.84,83,25,3.31,scattered clouds
72,Hamilton,US,39.1834,-84.5333,81.23,49,1,0.0,clear sky
73,Rikitea,PF,-23.1203,-134.9692,72.77,70,0,19.24,clear sky
74,Nouadhibou,MR,20.931,-17.0347,73.38,78,0,12.66,sand
75,Dikson,RU,73.5069,80.5464,34.02,83,100,22.5,overcast clouds
76,Hochstadt,DE,49.2475,8.2089,55.47,72,99,2.39,overcast clouds
77,Yellowknife,CA,62.456,-114.3525,48.42,99,90,5.01,overcast clouds
78,Russell,US,32.3502,-85.1999,84.9,56,20,0.0,few clouds
79,Hirara,JP,24.8,125.2833,81.81,77,14,12.37,few clouds
80,Krasnokamensk,RU,50.0979,118.0369,30.67,72,12,5.19,few clouds
81,Kandi,BJ,11.1342,2.9386,76.15,82,22,2.93,light rain
82,Ola,RU,59.5833,151.2833,35.24,81,100,29.15,overcast clouds
83,Bartlesville,US,36.7473,-95.9808,71.6,95,90,4.61,moderate rain
84,Yizheng,CN,24.6706,103.4296,57.38,94,45,2.01,scattered clouds
85,Mtwara,TZ,-10.2667,40.1833,75.07,84,0,6.76,clear sky
86,Saint George,US,37.1041,-113.5841,77.63,17,1,1.01,clear sky
87,Port Alfred,ZA,-33.5906,26.891,63.95,93,29,10.71,scattered clouds
88,Bubaque,GW,11.2833,-15.8333,82.2,79,14,11.32,light rain
89,Baruun-Urt,MN,46.6806,113.2792,31.62,55,6,6.73,clear sky
90,Tarazona,ES,41.9,-1.7333,63.19,55,0,2.1,clear sky
91,Esperance,AU,-33.8667,121.9,57.04,78,0,6.33,clear sky
92,Porto Velho,BR,-8.7619,-63.9039,89.65,55,40,3.44,scattered clouds
93,Cayenne,GF,4.9333,-52.3333,87.84,77,20,3.0,few clouds
94,Mount Gambier,AU,-37.8333,140.7667,53.51,94,90,14.97,overcast clouds
95,Te Karaka,NZ,-38.4654,177.8679,48.18,92,15,1.34,few clouds
96,Mareeba,AU,-17.0,145.4333,65.44,96,85,1.43,overcast clouds
97,Vila,PT,42.0304,-8.1588,57.7,79,100,0.63,overcast clouds
98,Fare,PF,-16.7,-151.0167,78.96,72,1,18.5,clear sky
99,Lavrentiya,RU,65.5833,-171.0,31.41,82,36,15.03,scattered clouds
100,Kavaratti,IN,10.5669,72.642,81.82,79,99,13.49,overcast clouds
101,Fairbanks,US,64.8378,-147.7164,31.6,74,90,0.0,overcast clouds
102,Sao Joao Da Barra,BR,-21.6403,-41.0511,75.29,76,51,17.18,broken clouds
103,Katsuura,JP,35.1333,140.3,70.11,93,100,24.99,moderate rain
104,Panjab,AF,34.388,67.0233,52.63,37,8,5.37,clear sky
105,Kodiak,US,57.79,-152.4072,44.11,93,100,5.75,light rain
106,Hanstholm,DK,57.1167,8.6167,50.63,77,67,13.53,broken clouds
107,San Pedro,PH,14.35,121.0167,79.83,87,40,0.0,scattered clouds
108,Arraial Do Cabo,BR,-22.9661,-42.0278,75.16,88,20,10.36,few clouds
109,Qaanaaq,GL,77.484,-69.3632,26.29,87,100,11.74,overcast clouds
110,Upernavik,GL,72.7868,-56.1549,33.06,82,100,14.14,overcast clouds
111,Muroto,JP,33.2833,134.15,76.19,75,44,6.78,scattered clouds
112,Dodola,ET,6.9833,39.1833,54.43,88,97,0.83,light rain
113,Kapaa,US,22.0752,-159.319,80.58,79,75,3.0,light rain
114,Pala,TD,9.3642,14.9046,77.38,78,98,2.75,overcast clouds
115,Clyde River,CA,70.4692,-68.5914,36.32,70,100,6.02,overcast clouds
116,Kingsport,US,36.5484,-82.5618,84.67,40,75,1.99,broken clouds
117,Chuy,UY,-33.6971,-53.4616,60.71,83,100,16.98,moderate rain
118,Saldanha,ZA,-33.0117,17.9442,60.85,88,0,9.57,clear sky
119,Hambantota,LK,6.1241,81.1185,79.88,77,100,7.0,overcast clouds
120,Bredasdorp,ZA,-34.5322,20.0403,57.27,95,65,8.52,broken clouds
121,Pipri,IN,19.8,75.5333,76.01,79,42,4.41,scattered clouds
122,Avera,US,33.194,-82.5271,87.67,39,99,1.45,overcast clouds
123,Harper,LR,4.375,-7.7169,77.67,85,34,7.02,scattered clouds
124,Marawi,PH,7.9986,124.2928,65.64,93,100,2.75,overcast clouds
125,Portland,US,45.5234,-122.6762,66.6,81,90,3.0,overcast clouds
126,Atar,MR,20.5169,-13.0499,97.39,11,1,10.85,clear sky
127,Kirensk,RU,57.7853,108.1119,32.43,92,100,1.34,overcast clouds
128,Sao Filipe,CV,14.8961,-24.4956,79.41,80,71,3.44,broken clouds
129,Carnarvon,AU,-24.8667,113.6333,64.47,94,53,5.75,broken clouds
130,Cape Town,ZA,-33.9258,18.4232,62.28,69,0,5.75,clear sky
131,Tazovskiy,RU,67.4667,78.7,32.88,96,100,17.27,overcast clouds
132,Ostrovnoy,RU,68.0531,39.5131,43.07,86,100,5.46,overcast clouds
133,Rocha,UY,-34.4833,-54.3333,60.73,86,100,13.87,moderate rain
134,Dingle,PH,10.9995,122.6711,75.7,91,80,2.55,broken clouds
135,Arica,CL,-18.475,-70.3042,71.15,68,0,9.22,clear sky
136,Puerto Baquerizo Moreno,EC,-0.9,-89.6,76.19,73,75,17.27,light rain
137,Barrow,US,71.2906,-156.7887,30.22,69,90,12.66,light snow
138,Kozhva,RU,65.1073,57.0459,33.06,82,99,6.91,overcast clouds
139,Palmer,US,42.1584,-72.3287,61.5,55,75,3.0,broken clouds
140,General Salgado,BR,-20.6483,-50.3606,95.16,23,91,2.91,overcast clouds
141,Tautira,PF,-17.7333,-149.15,80.62,76,20,17.52,light rain
142,Butaritari,KI,3.0707,172.7902,81.66,76,100,12.44,light rain
143,Blagoyevo,RU,63.3667,47.9167,44.55,97,100,3.74,overcast clouds
144,Daitari,IN,21.1,85.75,72.75,95,100,1.39,overcast clouds
145,Onguday,RU,50.75,86.15,42.12,96,100,2.64,overcast clouds
146,Luangwa,ZM,-15.6167,30.4167,86.04,33,0,12.48,clear sky
147,Bairiki,KI,1.3292,172.9752,80.6,69,20,8.05,few clouds
148,Samana,DO,19.2056,-69.3369,93.42,70,75,4.61,broken clouds
149,El Fuerte,MX,26.4189,-108.6194,91.44,37,0,4.7,clear sky
150,Natchez,US,31.5604,-91.4032,84.42,70,40,4.61,scattered clouds
151,Sangre Grande,TT,10.5835,-61.1177,85.96,76,96,6.85,overcast clouds
152,Maniitsoq,GL,65.4167,-52.9,35.69,58,96,4.38,overcast clouds
153,Narsaq,GL,60.9167,-46.05,39.42,44,0,3.78,clear sky
154,Vitim,RU,59.4511,112.5578,30.24,99,99,2.77,overcast clouds
155,Sobolevo,RU,54.4299,31.8996,40.06,88,93,5.79,overcast clouds
156,Airai,TL,-8.9266,125.4092,59.72,60,74,2.53,broken clouds
157,Saint-Georges,GD,12.0564,-61.7485,82.35,77,88,11.1,overcast clouds
158,Ilebo,CD,-4.3167,20.5833,72.16,89,91,2.08,overcast clouds
159,Bethel,US,41.3712,-73.414,63.99,63,90,9.22,overcast clouds
160,Luga,RU,58.7372,29.8453,40.06,91,57,4.94,broken clouds
161,Port Blair,IN,11.6667,92.75,81.14,83,47,8.66,scattered clouds
162,Murici,BR,-9.3067,-35.9433,80.89,85,27,8.12,scattered clouds
163,Bereda,ES,43.2686,-7.5406,60.42,89,100,1.95,overcast clouds
164,Ede,NL,52.0333,5.6583,56.86,76,90,10.36,overcast clouds
165,Matay,EG,28.419,30.7792,79.25,46,0,18.45,clear sky
166,Port Keats,AU,-14.25,129.55,78.28,85,6,5.91,clear sky
167,Kununurra,AU,-15.7667,128.7333,73.38,88,40,1.14,scattered clouds
168,Saint Joseph,US,39.7686,-94.8466,85.51,62,40,8.05,scattered clouds
169,Ribeira Grande,PT,38.5167,-28.7,73.8,83,20,6.91,mist
170,Odweyne,SO,9.4092,45.064,77.7,53,98,10.83,light rain
171,Saint-Joseph,RE,-21.3667,55.6167,70.16,78,31,10.16,scattered clouds
172,Anadyr,RU,64.75,177.4833,23.5,79,20,8.01,few clouds
173,Cabo San Lucas,MX,22.8909,-109.9124,92.61,62,20,10.36,few clouds
174,Constitucion,CL,-35.3333,-72.4167,56.43,56,10,13.73,clear sky
175,Reconquista,AR,-29.15,-59.65,94.71,35,39,9.13,scattered clouds
176,Adrar,MR,20.5022,-10.0711,93.92,9,0,8.34,clear sky
177,Kyra,RU,49.5776,111.9753,26.15,81,4,3.27,clear sky
178,Muriti,TZ,-1.9833,32.9167,71.71,68,90,4.76,overcast clouds
179,Jacareacanga,BR,-6.2222,-57.7528,95.31,46,0,5.75,clear sky
180,Sandwick,GB,60.0,-1.25,53.42,100,75,11.5,broken clouds
181,Cidreira,BR,-30.1811,-50.2056,65.52,76,100,24.52,light rain
182,San Quintin,MX,30.4833,-115.95,73.27,63,0,11.12,clear sky
183,Victoria,HK,22.2855,114.1577,86.32,88,24,1.99,light rain
184,Praya,CV,14.9215,-23.5087,82.94,74,40,11.5,scattered clouds
185,Acarau,BR,-2.8856,-40.12,82.15,73,64,17.13,broken clouds
186,Axim,GH,4.8699,-2.2405,77.45,88,90,8.08,overcast clouds
187,Paamiut,GL,61.994,-49.6678,36.97,67,0,25.48,clear sky
188,Ixtapa,MX,20.7,-105.2,87.22,71,40,4.0,scattered clouds
189,Saskylakh,RU,71.9167,114.0833,16.74,95,97,2.42,overcast clouds
190,Mamurras,AL,41.5775,19.6922,62.74,77,0,2.3,clear sky
191,Rasipuram,IN,11.4667,78.1667,74.16,95,100,2.42,overcast clouds
192,Leningradskiy,RU,69.3833,178.4167,24.03,95,100,12.8,light snow
193,Acapulco,MX,16.8634,-99.8901,85.82,70,40,3.44,scattered clouds
194,Chara,RU,56.9064,118.2631,27.9,71,97,2.35,overcast clouds
195,Tarnogskiy Gorodok,RU,60.4997,43.5761,44.1,98,81,4.52,broken clouds
196,Tilichiki,RU,60.4667,166.1,25.65,52,24,8.28,few clouds
197,Coihaique,CL,-45.5752,-72.0662,48.81,46,75,8.05,broken clouds
198,Darhan,MN,49.4867,105.9228,35.62,64,49,3.85,scattered clouds
199,Vila Franca Do Campo,PT,37.7167,-25.4333,76.19,85,92,2.37,overcast clouds
200,Tuatapere,NZ,-46.1333,167.6833,49.82,83,88,3.89,overcast clouds
201,Batemans Bay,AU,-35.7167,150.1833,60.1,92,100,3.85,overcast clouds
202,San Jose El Idolo,GT,14.45,-91.4167,97.14,80,59,2.33,broken clouds
203,Lebu,CL,-37.6167,-73.65,54.27,64,31,10.63,scattered clouds
204,Issenye,TZ,-2.0,34.3333,75.58,54,100,5.06,overcast clouds
205,Kita,ML,13.0349,-9.4895,80.22,69,7,0.69,clear sky
206,Provideniya,RU,64.3833,-173.3,33.91,64,75,15.66,broken clouds
207,Amos,CA,48.5669,-78.1162,53.87,68,90,4.99,overcast clouds
208,Bend,US,44.0582,-121.3153,73.85,30,1,4.0,clear sky
209,Tessalit,ML,20.1986,1.0114,88.38,8,14,13.29,few clouds
210,Sur,OM,22.5667,59.5289,88.5,59,100,8.21,overcast clouds
211,Viedma,AR,-40.8135,-62.9967,69.15,18,1,15.84,clear sky
212,Fallon,US,39.4735,-118.7774,70.92,17,1,3.44,clear sky
213,Sungaipenuh,ID,-2.0833,101.3833,63.59,94,100,0.76,overcast clouds
214,Vardo,NO,70.3705,31.1107,44.8,86,23,14.7,few clouds
215,Iqaluit,CA,63.7506,-68.5145,31.73,93,90,5.99,overcast clouds
216,Bambanglipuro,ID,-7.95,110.2833,61.61,85,97,3.96,overcast clouds
217,Wadi Musa,JO,30.3222,35.4793,66.18,34,0,4.52,clear sky
218,Jieshi,CN,22.8134,115.8257,81.68,82,5,7.02,clear sky
219,Ahipara,NZ,-35.1667,173.1667,57.02,69,77,8.3,broken clouds
220,Nanortalik,GL,60.1432,-45.2371,37.51,56,0,2.82,clear sky
221,Half Moon Bay,US,37.4636,-122.4286,87.82,42,0,7.29,clear sky
222,Hasaki,JP,35.7333,140.8333,70.29,90,100,18.59,heavy intensity rain
223,Poltavka,RU,54.3663,71.7632,36.45,71,100,8.66,overcast clouds
224,Lata,PT,40.1629,-8.3327,63.07,78,48,2.08,scattered clouds
225,Port Hardy,CA,50.6996,-127.4199,53.6,87,75,8.05,shower rain
226,Yarada,IN,17.65,83.2667,80.92,94,20,2.3,few clouds
227,Benguela,AO,-12.5763,13.4055,71.08,80,100,3.58,overcast clouds
228,Pangoa,PE,-12.1167,-73.0,90.12,38,23,6.67,few clouds
229,Evanston,US,42.0411,-87.6901,87.46,52,75,1.01,broken clouds
230,Chifeng,CN,42.2683,118.9636,48.87,60,5,4.79,clear sky
231,Kruisfontein,ZA,-34.0033,24.7314,60.89,99,100,9.08,overcast clouds
232,Abha,SA,18.2164,42.5053,64.65,63,0,0.0,clear sky
233,Waikuku,NZ,-43.3,172.6833,48.09,85,0,3.33,clear sky
234,Camana,PE,-16.6228,-72.7111,67.28,69,24,6.91,few clouds
235,Rivadavia,AR,-33.1905,-68.4608,73.87,19,0,13.56,clear sky
236,Namibe,AO,-15.1961,12.1522,62.02,84,18,10.89,few clouds
237,Nchelenge,ZM,-9.3451,28.734,78.66,55,55,5.37,broken clouds
238,Catalca,TR,41.1432,28.4615,62.96,65,100,18.97,overcast clouds
239,Hofn,IS,64.2539,-15.2082,45.32,76,100,28.14,light rain
240,Kaduqli,SD,11.0167,29.7167,77.45,52,3,1.32,clear sky
241,Lompoc,US,34.6391,-120.4579,93.78,27,1,12.66,clear sky
242,Te Anau,NZ,-45.4167,167.7167,42.04,89,54,0.96,broken clouds
243,Yulara,AU,-25.2406,130.9889,53.44,37,0,0.0,clear sky
244,Burnie,AU,-41.0667,145.9167,58.91,84,97,16.33,overcast clouds
245,Qandala,SO,11.472,49.8728,88.23,60,89,3.02,overcast clouds
246,Pisco,PE,-13.7,-76.2167,69.85,64,0,16.11,clear sky
247,Labytnangi,RU,66.6572,66.4183,33.75,79,55,10.0,broken clouds
248,Nemuro,JP,43.3236,145.575,61.43,95,89,3.67,overcast clouds
249,Bandarbeyla,SO,9.4942,50.8122,79.09,80,100,25.26,overcast clouds
250,Beringovskiy,RU,63.05,179.3167,31.15,88,100,17.85,overcast clouds
251,Paracatu,BR,-17.2222,-46.8747,89.46,28,85,3.69,overcast clouds
252,Baymak,RU,52.5933,58.3225,32.09,72,4,4.99,clear sky
253,Kaitangata,NZ,-46.2817,169.8464,50.94,68,99,10.94,overcast clouds
254,Shasta Lake,US,40.6804,-122.3708,88.09,15,2,5.88,clear sky
255,Trinidad,BO,-14.8333,-64.9,96.78,44,40,11.5,scattered clouds
256,Maridi,SS,4.9158,29.4742,67.51,89,100,4.7,light rain
257,Jimo,CN,36.3897,120.4622,69.58,88,56,6.71,broken clouds
258,Sitka,US,57.0531,-135.33,49.89,87,75,8.05,light rain
259,Terre-De-Bas,GP,15.8501,-61.6442,91.81,69,10,9.35,clear sky
260,Honiara,SB,-9.4333,159.95,79.11,81,89,5.53,overcast clouds
261,Kotri,PK,25.366,68.3122,79.48,84,100,12.19,overcast clouds
262,Pandan,PH,14.0453,124.1694,79.86,82,85,3.94,overcast clouds
263,Truro,GB,50.2653,-5.0544,61.97,100,75,18.41,broken clouds
264,Grinnell,US,41.743,-92.7224,89.11,50,1,11.01,clear sky
265,Baie-Comeau,CA,49.2168,-68.1489,49.68,93,90,9.22,mist
266,Tarakan,ID,3.3,117.6333,80.6,79,54,2.68,broken clouds
267,Poum,NC,-20.2333,164.0167,73.22,81,81,16.24,broken clouds
268,Gunnedah,AU,-30.9833,150.25,56.82,91,80,3.42,broken clouds
269,Souillac,MU,-20.5167,57.5167,72.36,78,40,12.66,scattered clouds
270,Prince Rupert,CA,54.3161,-130.3201,51.89,93,90,12.66,moderate rain
271,Bathsheba,BB,13.2167,-59.5167,90.21,66,40,13.8,scattered clouds
272,Exeter,GB,50.7236,-3.5275,61.56,95,100,1.01,overcast clouds
273,Rundu,NA,-17.9333,19.7667,78.94,18,12,1.01,few clouds
274,Winnemucca,US,40.973,-117.7357,64.45,22,1,5.75,clear sky
275,Katsina,NG,12.9894,7.6006,85.95,34,6,5.46,clear sky
276,The Valley,AI,18.217,-63.0578,89.46,78,75,5.75,broken clouds
277,Guerrero Negro,MX,27.9769,-114.0611,74.3,53,0,11.14,clear sky
278,San Cristobal,VE,7.7669,-72.225,78.98,51,60,5.86,broken clouds
279,Povenets,RU,62.8487,34.8262,44.37,86,70,4.72,broken clouds
280,Santa Rosalia,MX,27.3167,-112.2833,79.65,53,0,7.65,clear sky
281,Beyneu,KZ,45.3167,55.2,48.74,34,13,3.4,few clouds
282,Korla,CN,41.7597,86.1469,66.67,21,0,5.01,clear sky
283,Balykshi,KZ,47.0667,51.8667,41.0,56,40,8.95,scattered clouds
284,Istok,XK,42.7808,20.4875,56.32,97,100,3.22,moderate rain
285,Alcaniz,ES,41.05,-0.1333,64.08,51,34,2.44,scattered clouds
286,Sinop,TR,41.7711,34.8709,50.43,89,97,4.23,overcast clouds
287,Samfya,ZM,-11.3649,29.5565,79.5,30,46,13.0,scattered clouds
288,Canaries,ES,28.0,-15.5,68.4,76,20,5.99,few clouds
289,Port Moresby,PG,-9.4431,147.1797,78.22,89,40,4.61,haze
290,Lagoa,PT,39.05,-27.9833,71.02,83,69,4.83,broken clouds
291,Naryan-Mar,RU,67.6713,53.087,34.74,79,100,4.36,overcast clouds
292,Teya,RU,60.3778,92.6267,35.31,93,100,2.64,light rain
293,Molina,CL,-35.1167,-71.2833,64.13,45,75,4.61,broken clouds
294,Gamba,GA,-2.65,10.0,75.49,85,85,8.01,overcast clouds
295,Vestmanna,FO,62.1564,-7.1664,50.92,100,90,21.85,overcast clouds
296,Nuuk,GL,64.1835,-51.7216,39.81,52,1,9.22,clear sky
297,Belogorsk,RU,50.9158,128.4611,35.2,91,72,6.42,broken clouds
298,Hovd,MN,48.0056,91.6419,44.69,43,99,6.06,overcast clouds
299,Snezhnogorsk,RU,69.1933,33.2531,42.58,85,100,5.73,overcast clouds
300,Bouna,CI,9.2667,-3.0,75.9,82,66,3.94,broken clouds
301,Whitehorse,CA,60.7161,-135.0538,38.17,94,75,8.99,light rain
302,Coari,BR,-4.085,-63.1414,87.01,58,98,2.35,overcast clouds
303,Slave Lake,CA,55.2834,-114.769,53.58,58,40,6.91,scattered clouds
304,Morada Nova,BR,-5.1067,-38.3725,92.17,37,67,10.31,broken clouds
305,Iberia,US,29.9502,-91.7507,86.99,78,75,9.22,broken clouds
306,Port Augusta,AU,-32.5,137.7667,55.54,91,7,12.86,clear sky
307,Boyolangu,ID,-8.1181,111.8935,74.97,91,88,5.95,overcast clouds
308,Amarante Do Maranhao,BR,-5.5667,-46.7422,85.21,51,88,2.01,overcast clouds
309,Cockburn Town,TC,21.4612,-71.1419,82.36,74,40,5.75,scattered clouds
310,Ranau,MY,5.9538,116.6641,70.45,96,95,0.94,overcast clouds
311,Avarua,CK,-21.2078,-159.775,78.85,73,20,9.22,few clouds
312,Montalvo,EC,-1.8,-79.3333,86.81,58,84,1.14,light rain
313,Haapiti,PF,-17.5667,-149.8667,80.33,72,2,16.89,light rain
314,Svetlogorsk,BY,52.6333,29.7333,41.81,79,33,6.38,scattered clouds
315,Swan Hill,AU,-35.3378,143.5544,54.61,99,100,5.53,light rain
316,Shahr-E Kord,IR,32.3256,50.8644,51.57,30,0,4.61,clear sky
317,Pevek,RU,69.7008,170.3133,27.16,86,100,12.35,light snow
318,Suluq,LY,31.6682,20.2521,73.98,62,0,14.32,clear sky
319,Westerland,DE,54.9079,8.3033,54.93,94,90,25.32,light rain
320,Mocajuba,BR,-2.5842,-49.5072,88.3,54,89,6.51,overcast clouds
321,Laguna,US,38.421,-121.4238,87.64,29,1,1.01,clear sky
322,Plettenberg Bay,ZA,-34.0527,23.3716,59.86,89,100,4.76,light rain
323,Asfi,MA,32.2994,-9.2372,73.63,72,22,15.86,few clouds
324,Dwarka,IN,22.2394,68.9678,80.94,87,100,21.81,overcast clouds
325,Port Hueneme,US,34.1478,-119.1951,97.61,8,1,13.8,clear sky
326,Kyzyl,RU,51.7,94.45,39.02,60,99,3.83,overcast clouds
327,Ancud,CL,-41.8697,-73.8203,51.33,52,11,9.26,few clouds
328,Pasighat,IN,28.0667,95.3333,74.77,92,0,2.37,clear sky
329,Tarko-Sale,RU,64.9225,77.785,32.5,96,100,15.01,overcast clouds
330,Richards Bay,ZA,-28.783,32.0377,66.72,84,100,8.95,light rain
331,Srivardhan,IN,18.0333,73.0167,77.27,90,100,6.87,overcast clouds
332,Kadoshkino,RU,54.0257,44.4191,44.24,71,100,5.39,overcast clouds
333,Atchison,US,39.563,-95.1216,85.37,64,82,6.06,broken clouds
334,Biltine,TD,14.5333,20.9167,87.04,19,5,7.83,clear sky
335,Dzerzhinsk,RU,56.2389,43.4631,42.62,81,20,4.47,few clouds
336,Port Lincoln,AU,-34.7333,135.8667,54.37,74,100,14.83,overcast clouds
337,Ivanteyevka,RU,55.9711,37.9208,43.48,84,10,2.8,clear sky
338,Salalah,OM,17.0151,54.0924,82.49,83,20,6.91,few clouds
339,Ankang,CN,32.68,109.0172,67.33,90,0,1.25,clear sky
340,Mbandaka,CD,0.0487,18.2603,69.64,99,79,2.64,broken clouds
341,Maragogi,BR,-9.0122,-35.2225,76.23,85,28,8.79,scattered clouds
342,Muros,ES,42.7762,-9.0603,65.84,69,100,7.49,overcast clouds
343,Ulladulla,AU,-35.35,150.4667,58.1,89,98,2.73,light rain
344,Patan,NP,27.6667,85.3333,70.18,94,75,2.3,broken clouds
345,Talnakh,RU,69.4865,88.3972,29.98,99,100,4.38,light snow
346,Suntar,RU,62.1444,117.6319,26.78,92,19,3.36,few clouds
347,Douglas,US,41.3,-96.167,83.55,64,40,5.01,scattered clouds
348,Magalia,US,39.8121,-121.5783,85.53,11,0,1.01,clear sky
349,Trapani,IT,37.8333,12.6667,73.58,83,20,3.44,few clouds
350,Lima,PE,-12.0432,-77.0282,69.13,72,0,11.5,clear sky
351,Bjerkvik,NO,68.5597,17.5189,45.99,77,85,6.98,overcast clouds
352,Isangel,VU,-19.55,169.2667,71.71,88,100,3.44,overcast clouds
353,Dunedin,NZ,-45.8742,170.5036,46.8,74,23,9.98,few clouds
354,Pasni,PK,25.2631,63.471,82.2,78,100,7.92,overcast clouds
355,Abu Samrah,SY,35.3029,37.1841,71.01,58,0,6.17,clear sky
356,Benghazi,LY,32.1167,20.0667,75.24,68,0,18.37,clear sky
357,Dali,CN,25.7,100.1833,59.59,90,2,1.88,clear sky
358,Grojec,PL,51.8625,20.8676,53.58,76,100,4.52,overcast clouds
359,Grindavik,IS,63.8424,-22.4338,44.55,75,75,19.57,broken clouds
360,Fortuna,US,40.5982,-124.1573,75.42,56,1,3.0,clear sky
361,Carutapera,BR,-1.195,-46.02,82.63,69,98,6.62,overcast clouds
362,Jizan,SA,17.3333,42.6667,88.74,63,94,2.95,overcast clouds
363,Ilulissat,GL,69.2167,-51.1,28.42,54,75,2.3,broken clouds
364,Shakhtinsk,KZ,49.71,72.5872,36.16,94,98,10.69,overcast clouds
365,Verkhnyaya Inta,RU,65.9811,60.3094,36.55,69,100,6.26,overcast clouds
366,Zirandaro,MX,18.45,-100.9833,89.55,58,53,0.89,broken clouds
367,Carballo,ES,43.213,-8.691,63.01,90,100,0.56,overcast clouds
368,Port Hedland,AU,-20.3167,118.5667,64.45,100,2,5.75,clear sky
369,Namtsy,RU,62.7161,129.6658,35.71,90,100,4.0,overcast clouds
370,Kasangulu,CD,-4.5911,15.1708,70.74,75,100,2.82,light rain
371,Diffa,NE,13.3154,12.6113,90.09,17,5,5.86,clear sky
372,Mahebourg,MU,-20.4081,57.7,72.25,78,40,12.66,scattered clouds
373,Ambilobe,MG,-13.2,49.05,71.35,66,5,5.77,clear sky
374,Itarema,BR,-2.9248,-39.9167,81.66,75,70,16.53,broken clouds
375,Chicama,PE,-7.8447,-79.1469,61.34,64,92,10.71,overcast clouds
376,Pangnirtung,CA,66.1451,-65.7125,30.2,100,90,3.44,overcast clouds
377,Campbell River,CA,50.0163,-125.2446,63.27,91,75,1.01,broken clouds
378,Bartica,GY,6.4,-58.6167,82.72,66,64,5.46,broken clouds
379,Mantua,IT,45.1667,10.7833,68.32,78,90,3.0,overcast clouds
380,Flinders,AU,-34.5833,150.8552,59.2,90,100,1.01,moderate rain
381,Mandalgovi,MN,45.7625,106.2708,41.61,41,92,5.3,overcast clouds
382,Luchegorsk,RU,46.4764,134.2569,46.51,85,93,3.33,overcast clouds
383,Zhangjiakou,CN,40.81,114.8794,50.36,38,10,6.42,clear sky
384,Ca Mau,VN,9.1769,105.15,77.36,92,100,0.96,overcast clouds
385,Coffs Harbour,AU,-30.3,153.1333,64.36,89,90,10.36,overcast clouds
386,Tomatlan,MX,19.9333,-105.25,86.56,65,100,6.44,overcast clouds
387,Robertsport,LR,6.7533,-11.3686,79.56,84,100,8.97,overcast clouds
388,Xining,CN,36.6167,101.7667,50.72,49,54,3.09,broken clouds
389,Mehamn,NO,71.0357,27.8492,44.78,76,75,12.66,broken clouds
390,Baykit,RU,61.67,96.37,30.24,93,14,2.33,few clouds
391,Buraydah,SA,26.326,43.975,82.85,16,0,7.72,clear sky
392,Makakilo City,US,21.3469,-158.0858,80.92,66,20,10.36,few clouds
393,Olafsvik,IS,64.8945,-23.7142,44.19,72,100,20.54,overcast clouds
394,Argelia,CO,2.2556,-77.2488,68.86,93,100,1.39,light rain
395,Dakar,SN,14.6937,-17.4441,84.33,79,75,4.61,broken clouds
396,Mayskiy,RU,47.6931,40.1025,44.44,51,2,7.87,clear sky
397,Kolyvan,RU,55.3053,82.7391,39.16,96,100,7.34,overcast clouds
398,Hami,CN,42.8,93.45,63.36,33,0,8.72,clear sky
399,Lasa,IT,46.6166,10.7002,57.11,95,47,2.01,scattered clouds
400,Qeshm,IR,26.9581,56.2719,89.49,78,67,3.13,broken clouds
401,Cap Malheureux,MU,-19.9842,57.6142,72.46,74,3,5.99,clear sky
402,Grenville,GD,12.1167,-61.6167,83.82,73,79,12.24,broken clouds
403,Northam,GB,51.0333,-4.2167,62.38,95,100,17.98,overcast clouds
404,Chesma,RU,53.8111,60.6533,34.0,76,7,7.7,clear sky
405,Kokstad,ZA,-30.5472,29.4241,54.05,96,100,4.92,light rain
406,Raga,SS,8.4596,25.678,74.32,80,64,3.58,broken clouds
407,Zonguldak,TR,41.25,31.8333,46.98,93,51,1.81,broken clouds
408,Krasnyy Yar,RU,46.5331,48.3456,44.53,46,6,7.49,clear sky
409,Mango,US,27.9797,-82.3065,91.31,54,40,6.91,scattered clouds
410,Itoman,JP,26.1247,127.6694,82.78,83,20,16.11,few clouds
411,Chornukhy,UA,50.2673,32.942,45.23,60,17,6.46,few clouds
412,Nianzishan,CN,47.5167,122.8833,36.7,68,0,6.55,clear sky
413,La Palma,US,33.8464,-118.0467,97.48,32,1,3.0,clear sky
414,Egvekinot,RU,66.3167,-179.1667,19.0,78,83,13.11,broken clouds
415,Santa Isabel Do Rio Negro,BR,-0.4139,-65.0192,83.44,70,100,1.1,overcast clouds
416,Disna,BY,55.568,28.1971,41.32,88,8,7.56,clear sky
417,Yinchuan,CN,38.4681,106.2731,66.45,19,0,3.89,clear sky
418,Nhulunbuy,AU,-12.2333,136.7667,72.21,83,100,0.0,overcast clouds
419,Nishihara,JP,26.1842,127.7558,82.06,86,40,10.36,scattered clouds
420,Toora-Khem,RU,52.4675,96.11,33.24,81,100,2.75,overcast clouds
421,Linhares,BR,-19.3911,-40.0722,75.15,76,70,8.79,broken clouds
422,Christchurch,NZ,-43.5333,172.6333,48.02,82,0,3.85,clear sky
423,Selikhino,RU,50.3672,137.4996,45.75,57,92,13.31,overcast clouds
424,Igunga,TZ,-4.2833,33.8833,80.11,29,98,8.34,overcast clouds
425,Grand-Lahou,CI,5.1367,-5.0242,77.18,90,46,8.3,scattered clouds
426,Labuhan,ID,-6.8844,112.2051,78.33,78,19,11.81,few clouds
427,Taoudenni,ML,22.6783,-3.9836,98.04,10,97,11.59,overcast clouds
428,Muravlenko,RU,63.7898,74.523,31.82,97,100,16.89,overcast clouds
429,Kutum,SD,14.2,24.6667,80.51,20,4,15.73,clear sky
430,Lithakia,GR,37.7167,20.8333,72.59,61,22,11.52,few clouds
431,Maningrida,AU,-12.0667,134.2667,75.72,85,85,3.98,overcast clouds
432,Necochea,AR,-38.5473,-58.7368,64.04,78,98,7.16,light rain
433,Skjervoy,NO,70.0311,20.9714,47.77,75,58,10.33,broken clouds
434,Maralal,KE,1.0968,36.698,64.83,66,100,8.1,overcast clouds
435,Arman,RU,59.7,150.1667,33.71,87,100,18.1,light rain
436,Aklavik,CA,68.2191,-135.0107,29.23,90,75,3.74,broken clouds
437,Ginda,IN,30.6945,78.4932,63.72,98,97,1.32,overcast clouds
438,Tura,IN,25.5198,90.2201,73.63,89,99,1.21,overcast clouds
439,Belyy Yar,RU,53.6039,91.3903,44.49,93,0,6.71,clear sky
440,Loa Janan,ID,-0.583,117.095,74.52,98,97,1.32,light rain
441,Dukat,RU,62.55,155.55,20.05,85,100,5.19,light snow
442,Bakhtiyarpur,IN,25.4667,85.5167,73.42,95,100,11.56,overcast clouds
443,Charters Towers,AU,-20.1,146.2667,64.99,93,89,9.42,overcast clouds
444,Derzhavinsk,KZ,51.1,66.3167,36.55,82,25,6.4,scattered clouds
445,Broken Hill,AU,-31.95,141.4333,53.31,82,90,17.27,overcast clouds
446,Copiapo,CL,-27.3667,-70.3333,62.29,19,2,7.76,clear sky
447,Meylan,FR,45.2199,5.7901,56.07,87,5,2.01,clear sky
448,Tromso,NO,69.6496,18.957,43.38,87,0,0.0,clear sky
449,Itacoatiara,BR,-3.1431,-58.4442,96.22,36,96,3.71,overcast clouds
450,Goderich,CA,43.7501,-81.7165,67.03,67,8,8.05,clear sky
451,Tibacuy,CO,4.3511,-72.4564,84.27,68,100,2.06,overcast clouds
452,Belaya Gora,RU,68.5333,146.4167,19.85,78,21,10.22,few clouds
453,Villarrica,PY,-25.75,-56.4333,102.47,19,75,6.38,broken clouds
454,Ulaangom,MN,49.9811,92.0667,37.04,74,100,2.21,overcast clouds
455,Bang Saphan,TH,11.2126,99.5117,77.09,88,95,3.06,overcast clouds
456,Leshukonskoye,RU,64.8989,45.7622,44.15,95,100,3.6,overcast clouds
457,Ilhabela,BR,-23.7781,-45.3581,70.92,83,90,5.48,overcast clouds
458,Inirida,CO,3.8653,-67.9239,88.74,59,32,1.88,scattered clouds
459,Pudozh,RU,61.8099,36.5345,45.25,91,100,2.75,overcast clouds
460,Lebedyn,UA,50.5852,34.4849,44.4,63,6,6.08,clear sky
461,Teguise,ES,29.0605,-13.564,71.82,83,20,17.27,few clouds
462,Qaqortoq,GL,60.7167,-46.0333,37.56,48,0,3.67,clear sky
463,Kijang,KR,35.2442,129.2139,64.13,88,4,7.14,clear sky
464,Lashio,MM,22.9333,97.75,67.24,99,15,0.47,few clouds
465,Camacha,PT,33.0833,-16.3333,69.22,73,40,13.8,scattered clouds
466,Matara,LK,5.9485,80.5353,77.49,91,98,8.7,overcast clouds
467,Sioux Lookout,CA,50.1001,-91.917,77.07,61,75,5.75,broken clouds
468,Anshun,CN,26.25,105.9333,63.01,90,1,1.86,clear sky
469,Hinton,CA,53.4001,-117.5857,62.64,35,93,13.11,overcast clouds
470,Mumbwa,ZM,-14.9783,27.0619,78.31,35,4,11.5,clear sky
471,Morondava,MG,-20.2833,44.2833,76.68,83,3,2.93,clear sky
472,Ampanihy,MG,-24.7,44.75,69.49,83,0,7.4,clear sky
473,Mabopane,ZA,-25.4977,28.1007,68.67,63,97,14.36,overcast clouds
474,Hvide Sande,DK,56.0045,8.1294,55.0,89,100,26.69,moderate rain
475,Chongwe,ZM,-15.3292,28.682,77.36,35,70,11.45,broken clouds
476,Bolshevik,BY,54.0065,27.5692,38.82,83,14,7.81,few clouds
477,Kieta,PG,-6.2167,155.6333,78.51,84,99,1.99,light rain
478,Innisfail,AU,-17.5333,146.0333,67.69,90,62,3.29,broken clouds
479,Charcas,MX,23.1333,-101.1167,72.12,53,76,7.61,broken clouds
480,Chapais,CA,49.7834,-74.8492,55.18,57,99,7.07,overcast clouds
481,Ketchikan,US,55.3422,-131.6461,50.47,87,90,9.22,moderate rain
482,Pahrump,US,36.2083,-115.9839,80.26,7,0,1.01,clear sky
483,Luderitz,NA,-26.6481,15.1594,55.74,97,23,8.34,few clouds
484,Vestmannaeyjar,IS,63.4427,-20.2734,42.69,72,100,22.53,overcast clouds
485,Lodingen,NO,68.414,15.9951,51.71,80,100,1.01,overcast clouds
486,Khash,IR,28.2211,61.2158,74.16,18,73,6.06,broken clouds
487,Hobyo,SO,5.3505,48.5268,78.31,89,97,20.98,overcast clouds
488,Tikrit,IQ,34.6071,43.6782,81.63,29,0,9.33,clear sky
489,Titel,RS,45.2061,20.2944,55.51,86,100,8.14,overcast clouds
490,Agapovka,RU,53.2973,59.1348,36.61,71,1,7.16,clear sky
491,Loandjili,CG,-4.7561,11.8578,78.91,83,75,10.36,broken clouds
492,Mount Isa,AU,-20.7333,139.5,73.17,25,13,6.91,few clouds
493,Sakakah,SA,29.9697,40.2064,85.57,24,0,8.95,clear sky
494,Deputatskiy,RU,69.3,139.9,10.45,86,100,3.42,overcast clouds
495,Trelew,AR,-43.249,-65.3051,68.27,19,40,28.77,scattered clouds
496,Praia Da Vitoria,PT,38.7333,-27.0667,73.76,88,20,4.65,few clouds
497,Desaguadero,PE,-16.5656,-69.0417,59.65,29,2,15.77,clear sky
498,Sydney Mines,CA,46.2367,-60.2177,69.01,79,75,5.01,broken clouds
499,Omboue,GA,-1.5746,9.2618,76.93,84,100,8.37,overcast clouds
500,Chapeco,BR,-27.0964,-52.6183,82.13,65,90,13.8,overcast clouds
501,Touros,BR,-5.1989,-35.4608,85.1,74,4,15.57,clear sky
502,Sabha,LY,27.0377,14.4283,79.18,29,0,14.43,clear sky
503,Margate,GB,51.3813,1.3862,62.31,74,100,4.0,overcast clouds
504,Setermoen,NO,68.861,18.3486,47.43,86,98,6.58,overcast clouds
505,Huilong,CN,31.8111,121.655,68.99,83,0,2.68,light rain
506,Najran,SA,17.4924,44.1277,77.65,13,59,1.68,broken clouds
507,Berlevag,NO,70.8578,29.0864,44.6,70,90,5.75,overcast clouds
508,Shiyan,CN,32.6475,110.7781,68.52,87,0,4.09,light rain
509,Xaxim,BR,-26.9617,-52.5347,80.98,53,56,3.89,broken clouds
510,Taybad,IR,34.74,60.7756,67.08,33,0,19.01,clear sky
511,Kahului,US,20.8947,-156.47,80.62,85,40,13.8,light rain
512,Elizabeth City,US,36.2946,-76.2511,80.02,46,1,3.0,clear sky
513,Karratha,AU,-20.7377,116.8463,73.06,58,8,13.76,light rain
514,Vila Velha,BR,-20.3297,-40.2925,75.15,73,90,8.05,overcast clouds
515,Saint-Leu,RE,-21.15,55.2833,70.63,75,11,6.04,few clouds
516,Tezu,IN,27.9167,96.1667,73.49,93,4,2.95,clear sky
517,Caravelas,BR,-17.7125,-39.2481,77.25,77,6,9.35,clear sky
518,Severo-Kurilsk,RU,50.6789,156.125,47.66,96,100,18.41,light rain
519,Jorochito,BO,-18.05,-63.4333,94.73,24,0,11.68,clear sky
520,Amantea,IT,39.1332,16.0746,68.45,78,9,4.43,clear sky
521,Tsiroanomandidy,MG,-18.7667,46.0333,74.8,48,91,3.2,overcast clouds
522,Walvis Bay,NA,-22.9575,14.5053,57.09,82,26,9.22,scattered clouds
523,Kamenka,RU,51.3223,42.7678,43.14,67,55,5.88,broken clouds
524,San Carlos De Bariloche,AR,-41.1456,-71.3082,47.95,57,40,28.77,scattered clouds
525,Karatau,KZ,43.1667,70.4667,44.67,48,10,4.36,clear sky
526,Havre-Saint-Pierre,CA,50.2334,-63.5986,44.96,87,90,16.11,overcast clouds
527,Chachapoyas,PE,-6.2317,-77.869,64.58,63,87,3.74,light rain
528,Puerto El Triunfo,SV,13.2833,-88.55,84.81,71,33,7.29,scattered clouds
529,Brae,GB,60.3964,-1.353,53.51,93,100,18.88,overcast clouds
530,Wattegama,LK,6.7989,81.4808,76.57,85,99,1.07,overcast clouds
531,Saint Anthony,US,45.0205,-93.218,83.1,60,20,1.01,few clouds
532,Itabera,BR,-23.8619,-49.1372,80.96,43,5,13.04,clear sky
533,Lensk,RU,60.7253,114.9278,33.1,91,99,4.41,overcast clouds
534,Auki,SB,-8.7676,160.7034,78.85,84,100,4.27,overcast clouds
535,Oranjemund,NA,-28.55,16.4333,57.07,94,3,3.18,clear sky
536,Paita,PE,-5.0892,-81.1144,77.56,69,87,16.78,overcast clouds
537,Mende,FR,44.6667,3.5,41.02,67,0,2.26,clear sky
538,Maracacume,BR,-2.0428,-45.9592,81.41,81,85,4.36,heavy intensity rain
539,Kapit,MY,2.0167,112.9333,73.02,99,94,0.31,overcast clouds
540,Meulaboh,ID,4.1363,96.1285,75.83,92,100,8.81,heavy intensity rain
541,Comodoro Rivadavia,AR,-45.8667,-67.5,55.26,44,0,20.71,clear sky
542,Awjilah,LY,29.1081,21.2869,77.76,55,36,15.23,scattered clouds
543,Dogondoutchi,NE,13.6393,4.0287,91.6,38,97,6.87,overcast clouds
544,Elblag,PL,54.1522,19.4088,50.97,69,95,6.22,overcast clouds
545,Saurikh,IN,27.029,79.4896,80.58,76,5,3.38,clear sky
546,La Ronge,CA,55.1001,-105.2842,66.45,32,75,9.22,broken clouds
547,Labuan,MY,5.2767,115.2417,77.36,94,20,1.01,few clouds
548,Sept-Iles,CA,50.2001,-66.3821,46.92,93,90,1.99,overcast clouds
549,Port-Gentil,GA,-0.7193,8.7815,78.76,83,40,13.8,scattered clouds
550,Ranong,TH,9.9658,98.6348,77.72,89,100,1.88,overcast clouds
551,Smithers,CA,54.7804,-127.1743,50.32,76,90,10.36,light rain
552,Staryy Nadym,RU,65.6118,72.6842,34.75,91,100,18.92,overcast clouds
553,Beisfjord,NO,68.3751,17.5988,48.04,82,80,8.57,broken clouds
554,Neiafu,TO,-18.65,-173.9833,77.68,78,75,10.36,broken clouds
555,Komsomolskiy,UZ,40.4272,71.7189,65.12,52,92,4.61,overcast clouds
556,Padang,ID,-0.9492,100.3543,76.6,83,100,3.76,light rain
557,Launceston,AU,-41.45,147.1667,56.61,89,94,7.0,overcast clouds
558,Atlantis,ZA,-33.5667,18.4834,60.35,84,0,6.13,clear sky
559,Qui Nhon,VN,13.7667,109.2333,77.77,90,65,4.27,broken clouds
560,Lorengau,PG,-2.0226,147.2712,77.86,91,100,14.03,light rain
561,College,US,64.8569,-147.8028,31.59,73,75,0.0,broken clouds
562,Port Arthur,CN,38.8,121.2667,62.82,86,53,14.72,light rain
563,Cobija,BO,-11.0267,-68.7692,93.38,52,75,5.75,broken clouds
564,Ponta Pora,BR,-22.5361,-55.7256,96.71,28,40,6.91,scattered clouds
565,Mahabaleshwar,IN,17.9167,73.6667,60.03,98,100,0.92,overcast clouds
566,Fauske,NO,67.2588,15.3918,53.78,69,100,13.0,overcast clouds
567,North Myrtle Beach,US,33.816,-78.68,84.25,81,75,5.99,broken clouds
568,Lewistown,US,40.5992,-77.5714,68.07,51,75,10.36,broken clouds
569,Bainbridge,US,47.6262,-122.5212,58.87,88,90,1.01,moderate rain
570,Yining,CN,29.0361,114.5636,67.66,91,0,0.49,light rain
571,Tabas,IR,33.5959,56.9244,82.71,13,0,3.49,clear sky
572,Mirnyy,RU,62.5353,113.9611,26.56,84,92,4.25,overcast clouds
573,Salta,AR,-24.7859,-65.4117,91.99,24,0,5.01,clear sky
574,Kirakira,SB,-10.4544,161.9205,80.15,84,94,6.55,overcast clouds
575,Pemba,MZ,-12.974,40.5178,77.7,83,75,8.01,broken clouds
576,Yumen,CN,40.2833,97.2,56.68,29,48,6.82,scattered clouds
577,Buala,SB,-8.145,159.5921,80.28,82,100,5.95,light rain
578,Dawei,MM,14.0833,98.2,76.84,93,21,2.71,few clouds
579,Marsh Harbour,BS,26.5412,-77.0636,81.21,73,14,14.74,light rain
580,Fushe-Arrez,AL,42.0622,20.0167,55.72,95,100,8.72,overcast clouds
581,Mednogorsk,RU,51.4128,57.595,36.95,57,6,4.14,clear sky
582,Sigli,ID,5.3848,95.9609,77.61,85,100,7.76,light rain
583,Aswan,EG,24.0934,32.907,87.1,16,0,11.5,clear sky
584,Bilma,NE,18.6853,12.9164,88.54,8,1,8.21,clear sky
585,Ucluelet,CA,48.9329,-125.5528,57.96,93,45,7.85,scattered clouds
586,Riyadh,SA,24.6877,46.7219,82.54,11,87,4.88,overcast clouds
587,Kilindoni,TZ,-7.9139,39.6668,77.52,77,8,16.64,clear sky
588,Harindanga,IN,22.0383,88.3214,82.38,89,100,4.23,overcast clouds
589,Taltal,CL,-25.4,-70.4833,64.13,68,23,6.87,few clouds
590,Mahanoro,MG,-19.9,48.8,68.45,89,2,5.61,clear sky
591,Westport,US,41.1415,-73.3579,67.05,58,75,1.99,broken clouds
592,Ruwi,OM,23.5996,58.5507,89.29,53,100,4.59,overcast clouds
593,San Carlos,VE,9.6612,-68.5827,86.0,64,66,2.08,broken clouds
594,Kitami,JP,43.8031,143.8908,56.53,96,8,1.95,clear sky
595,Morgan City,US,29.6994,-91.2068,88.0,78,20,8.05,few clouds
596,Kvitok,RU,56.0724,98.4813,38.03,73,94,3.29,overcast clouds
597,San Carlos Del Zulia,VE,9.0,-71.9135,89.33,53,88,8.81,overcast clouds
598,Iwata,JP,34.7,137.85,73.45,91,100,1.01,heavy intensity rain
599,Kulhudhuffushi,MV,6.6221,73.07,82.06,76,100,12.73,overcast clouds
600,La Asuncion,VE,11.0333,-63.8628,100.13,41,50,11.5,scattered clouds
601,Killin,US,33.6123,-91.7412,84.15,74,90,4.61,overcast clouds
602,Garowe,SO,8.4054,48.4845,82.08,53,100,16.6,overcast clouds
603,Zeya,RU,53.75,127.2667,35.73,90,100,3.02,overcast clouds
604,Xichang,CN,27.8964,102.2634,61.34,90,0,1.68,clear sky
605,Sinnamary,GF,5.3833,-52.95,83.3,72,35,9.57,scattered clouds
606,Codrington,AU,-38.2667,141.9667,55.4,95,100,19.1,overcast clouds
607,Valparaiso,CL,-33.0393,-71.6273,67.64,57,0,10.36,clear sky
608,Gatton,AU,-27.55,152.2833,63.64,91,100,3.02,moderate rain
609,Oxapampa,PE,-10.5775,-75.4017,64.4,85,100,1.43,overcast clouds
610,Marrakesh,MA,31.6315,-8.0083,91.47,27,40,3.44,scattered clouds
611,Moyale,KE,3.5167,39.0584,71.47,63,95,5.06,overcast clouds
612,Vao,NC,-22.6667,167.4833,70.45,83,90,22.68,overcast clouds
613,Gerash,IR,27.6652,54.1371,80.74,24,78,4.97,broken clouds
614,Tucuman,AR,-26.8241,-65.2226,96.8,24,1,4.61,clear sky
615,Nicoya,CR,10.1483,-85.452,83.75,78,100,2.71,overcast clouds
616,Omsukchan,RU,62.5333,155.8,21.88,84,100,6.42,light snow
617,Norrtalje,SE,59.758,18.705,52.29,90,95,12.06,overcast clouds
618,Caorle,IT,45.5966,12.8758,66.42,51,69,21.25,broken clouds
619,Morehead,US,37.2711,-87.1764,86.63,58,40,1.01,scattered clouds
620,Surt,LY,31.2089,16.5887,78.13,68,7,10.31,clear sky
621,Kaeo,NZ,-35.1,173.7833,53.33,94,64,6.11,broken clouds
622,Luanda,AO,-8.8368,13.2343,75.2,78,75,9.22,broken clouds
623,Saravan,AM,39.7196,45.6483,50.65,83,46,7.14,scattered clouds
624,Teknaf,BD,20.8624,92.3058,77.72,87,11,4.74,few clouds
625,Talant,FR,47.3369,5.0089,47.01,76,0,2.3,clear sky
626,Fernley,US,39.608,-119.2518,73.02,13,0,4.0,clear sky
627,Berdigestyakh,RU,62.0989,126.6992,30.4,70,100,5.84,overcast clouds
628,Itapirapua,BR,-15.8233,-50.6133,94.51,29,39,2.82,scattered clouds
629,Roald,NO,62.5833,6.1333,61.72,58,0,6.91,clear sky
630,Nadym,RU,65.5333,72.5167,35.15,88,100,19.46,overcast clouds
631,Inhambane,MZ,-23.865,35.3833,71.58,83,20,0.0,few clouds
632,Piacabucu,BR,-10.4056,-36.4344,77.79,80,22,10.18,few clouds
633,Barcelos,PT,41.5388,-8.6151,68.29,77,76,5.28,broken clouds
634,Yei,SS,4.095,30.6779,67.05,97,56,3.06,light rain
635,Kikuyu,KE,-1.2458,36.6633,63.57,64,0,9.22,clear sky
636,Fukue,JP,32.6881,128.8419,76.06,84,38,18.28,scattered clouds
637,Along,IN,28.1667,94.7667,72.97,99,58,0.78,broken clouds
638,Kolobrzeg,PL,54.1757,15.5834,50.97,100,26,13.8,scattered clouds
639,Zhigansk,RU,66.7697,123.3711,27.7,72,88,3.89,overcast clouds
640,Eucaliptus,BO,-17.5833,-67.5167,71.29,21,68,9.33,broken clouds
641,Mahibadhoo,MV,3.7833,72.9667,82.22,69,100,7.78,overcast clouds
642,South Lake Tahoe,US,38.9332,-119.9844,68.77,23,1,0.0,clear sky
643,Ler,SS,8.3018,30.1418,75.9,76,5,2.55,clear sky
644,Los Llanos De Aridane,ES,28.6585,-17.9182,71.35,85,75,18.41,broken clouds
645,Thunder Bay,CA,48.4001,-89.3168,81.0,67,75,9.22,broken clouds
646,Sorong,ID,-0.8833,131.25,80.29,78,28,2.15,scattered clouds
647,Qianguo,CN,45.1171,124.8568,41.2,81,4,7.23,clear sky
648,Buin,CL,-33.7333,-70.75,68.32,23,0,7.31,clear sky
649,Savanur,IN,14.9667,75.35,70.29,96,79,6.42,broken clouds
650,Ormara,PK,25.2088,64.6357,85.91,64,94,19.82,overcast clouds
651,Rawson,AR,-43.3002,-65.1023,68.29,19,40,28.77,scattered clouds
652,Turukhansk,RU,65.8167,87.9833,34.11,84,100,7.07,overcast clouds
653,Afua,BR,-0.1567,-50.3867,87.89,56,31,7.87,scattered clouds
654,Emba,KZ,48.8264,58.1442,41.14,57,6,4.56,clear sky
655,Wanning,CN,18.8003,110.3967,77.07,87,5,4.97,clear sky
656,Natal,BR,-5.795,-35.2094,84.85,65,40,16.11,scattered clouds
657,Kedougou,SN,12.5579,-12.1743,79.65,82,80,1.97,broken clouds
658,Kovdor,RU,67.5662,30.4758,42.62,77,100,4.41,overcast clouds
659,Tandalti,SD,13.0167,31.8667,90.05,25,3,3.38,clear sky
660,Vigrestad,NO,58.5667,5.7,53.01,75,68,18.21,broken clouds
661,Jiangyou,CN,31.7667,104.7167,73.67,83,96,1.05,light rain
662,Dedovichi,RU,57.5517,29.9502,39.63,91,66,5.64,broken clouds
663,Springbok,ZA,-29.6643,17.8865,52.56,67,0,4.32,clear sky
664,Conceicao Do Araguaia,BR,-8.2578,-49.2647,91.83,35,97,3.83,heavy intensity rain
665,Nizhniy Tsasuchey,RU,50.5167,115.1333,29.73,76,13,6.98,few clouds
666,Menongue,AO,-14.6585,17.691,75.36,30,91,4.65,overcast clouds
667,Gizo,SB,-8.103,156.8419,81.55,78,78,7.11,broken clouds
668,El Reno,US,35.5323,-97.955,77.05,91,90,11.5,overcast clouds
669,Shache,CN,38.4167,77.2406,68.29,16,0,1.07,clear sky
670,Poronaysk,RU,49.2167,143.1167,52.86,89,88,5.66,overcast clouds
671,Misratah,LY,32.3754,15.0925,78.21,60,0,12.82,clear sky
672,Beloha,MG,-25.1667,45.05,68.94,90,1,5.19,clear sky
673,Chukhloma,RU,58.7525,42.6825,41.99,97,41,5.01,scattered clouds
674,Whitefish,US,48.4111,-114.3376,62.11,49,1,3.44,clear sky
675,Yashkino,RU,55.8736,85.4265,38.35,98,100,5.21,overcast clouds
676,Ramana,AZ,40.4422,49.9806,60.53,72,75,13.8,broken clouds
677,Iquique,CL,-20.2208,-70.1431,66.24,71,13,5.35,few clouds
678,Clarence Town,AU,-32.5833,151.7833,60.94,81,100,2.19,light rain
679,Cherrapunji,IN,25.3,91.7,61.56,92,100,2.42,overcast clouds
680,Smidovich,RU,48.6,133.8167,41.36,90,34,8.5,scattered clouds
681,Orotukan,RU,62.2667,151.7,23.16,96,100,2.62,light snow
682,Boguchany,RU,58.3814,97.4531,37.49,81,100,3.44,overcast clouds
683,Talara,PE,-4.5772,-81.2719,77.76,57,0,11.5,clear sky
684,Coahuayana,MX,18.7333,-103.6833,87.24,68,100,5.39,overcast clouds
685,Nabire,ID,-3.3667,135.4833,76.26,90,100,2.42,light rain
686,Great Yarmouth,GB,52.6083,1.7305,60.46,82,100,24.05,overcast clouds
687,Calabar,NG,4.9517,8.322,75.15,94,100,1.59,moderate rain
688,Pedernales,DO,18.0384,-71.744,83.89,69,13,4.79,few clouds
689,Camocim,BR,-2.9022,-40.8411,82.31,74,83,13.22,broken clouds
690,Ipixuna,BR,-1.7625,-48.8043,84.15,65,16,6.69,few clouds
691,Port Macquarie,AU,-31.4333,152.9167,58.96,73,100,5.99,overcast clouds
692,Husavik,IS,66.0449,-17.3389,42.71,82,100,13.13,overcast clouds
693,Kodinsk,RU,58.6881,99.1844,29.32,95,20,3.89,few clouds
694,Zambezi,ZM,-13.5432,23.1047,73.09,46,95,3.4,overcast clouds
695,Ambon,ID,-3.6954,128.1814,77.14,94,40,2.3,scattered clouds
696,Mudgee,AU,-32.5943,149.5871,52.79,100,90,0.0,overcast clouds
697,Ust-Maya,RU,60.4167,134.5333,33.26,97,100,7.09,light snow
698,Kualakapuas,ID,-3.0091,114.3876,77.16,93,99,3.24,overcast clouds
699,Moanda,GA,-1.5575,13.2178,71.58,99,100,1.19,light rain
700,Alofi,NU,-19.0595,-169.9187,76.89,78,47,12.66,scattered clouds
701,Krasnotorka,UA,48.682,37.5327,46.2,56,0,6.53,clear sky
702,Surin,TH,14.8818,103.4936,77.23,89,97,5.48,overcast clouds
703,Sao Felix Do Xingu,BR,-6.6447,-51.995,85.23,55,97,5.79,overcast clouds
704,Arlit,NE,18.7369,7.3853,93.96,8,47,16.2,scattered clouds
705,Segou,ML,13.4317,-6.2157,82.42,61,100,11.3,overcast clouds
706,Dickinson,US,29.4608,-95.0513,86.22,85,1,3.0,clear sky
